{
  "config": {
    "data_dir": "DATASET/train/train",
    "k_folds": 2,
    "epochs": 1,
    "batch_size": 16,
    "image_size": 224,
    "lr": 0.0003,
    "num_workers": 2,
    "seed": 42,
    "output_dir": "d:\\PancreScan\\outputs\\kfold_test",
    "device": "auto",
    "model": "efficientnet_b0",
    "aug_preset": "basic",
    "sampler": "shuffle",
    "positive_class": "pancreatic_tumor",
    "pos_threshold": 0.4,
    "report_name": "PancreScan_KFold_Report",
    "report_date": "2026-02-10"
  },
  "classes": [
    "normal",
    "pancreatic_tumor"
  ],
  "positive_class_index": 1,
  "fold_metrics": [
    {
      "loss": 0.04994251274317503,
      "accuracy": 0.982,
      "precision": 0.9795454545454545,
      "recall": 0.9844290657439446,
      "f1": 0.9816505531338817,
      "pos_precision": 1.0,
      "pos_recall": 0.9688581314878892,
      "pos_f1": 0.984182776801406
    },
    {
      "loss": 0.0370069751982579,
      "accuracy": 0.9799599198396793,
      "precision": 0.9794447190640962,
      "recall": 0.9794447190640962,
      "f1": 0.9794447190640962,
      "pos_precision": 0.9826989619377162,
      "pos_recall": 0.9826989619377162,
      "pos_f1": 0.9826989619377162
    }
  ],
  "summary": {
    "loss": {
      "mean": 0.04347474397071646,
      "std": 0.006467768772458565
    },
    "accuracy": {
      "mean": 0.9809799599198397,
      "std": 0.0010200400801603227
    },
    "precision": {
      "mean": 0.9794950868047754,
      "std": 5.036774067912475e-05
    },
    "recall": {
      "mean": 0.9819368924040204,
      "std": 0.0024921733399241863
    },
    "f1": {
      "mean": 0.980547636098989,
      "std": 0.0011029170348927364
    },
    "pos_precision": {
      "mean": 0.9913494809688581,
      "std": 0.00865051903114189
    },
    "pos_recall": {
      "mean": 0.9757785467128027,
      "std": 0.00692041522491349
    },
    "pos_f1": {
      "mean": 0.9834408693695611,
      "std": 0.0007419074318448793
    }
  }
}